Company Name,Job Name,Job Skills,Experience--Salary--Location,Details Link
Sapphire Software Solutions,Java Developer(2 - 7 yrs),"JavaJ2ee, ajax, hadoop, Hbase, Solr, vistA,",2 - 7 yrs  Best in Industry   Ahmedabad,https://www.timesjobs.com/job-detail/java-developer-sapphire-software-solutions-ahmedabad-2-to-7-yrs-jobid-ZS6PBb__PLUS__pg1tzpSvf__PLUS__uAgZw==
thework.life,Java Developer(0 - 1 yrs),"JavaJava, Frameworks,",0 - 1 yrs  Rs 1.00 - 1.20 Lacs p.a.   Hyderabad/Secunderabad,https://www.timesjobs.com/job-detail/java-developer-thework-life-hyderabad-secunderabad-0-to-1-yrs-jobid-EKJSStWVIDFzpSvf__PLUS__uAgZw==
Titan Consultancy,Java Developer(2 - 6 yrs),"software, developer, java, developer, application, developer,",2 - 6 yrs  Rs 6.00 - 12.00 Lacs p.a.   Bengaluru / Bangalore,https://www.timesjobs.com/job-detail/java-developer-titan-consultancy-bengaluru-bangalore-2-to-6-yrs-jobid-21D4mHWC0itzpSvf__PLUS__uAgZw==
Titan Consultancy,Senior Java developer(4 - 7 yrs),"javamicro, services, Spring, Framework,",4 - 7 yrs  Rs 15.00 - 20.00 Lacs p.a.   Bengaluru / Bangalore,https://www.timesjobs.com/job-detail/senior-java-developer-titan-consultancy-bengaluru-bangalore-4-to-7-yrs-jobid-ODBBOj5qIcRzpSvf__PLUS__uAgZw==
CP Careers Pvt. Ltd.,Core Java Android Developer(5 - 7 yrs),"Core, Java, Kotlin, Android,","5 - 7 yrs  Rs 10.00 - 11.00 Lacs p.a.   Bengaluru / Bangalore,  Hyderabad/Secunderabad,  Kolkata,  Mumbai,  Pune",https://www.timesjobs.com/job-detail/core-java-android-developer-a-client-of-cp-careers-private-limited-bengaluru-bangalore-hyderabad-secunderabad-kolkata-mumbai-pune-5-to-7-yrs-jobid-oupPoeWqRpVzpSvf__PLUS__uAgZw==
CP Careers Pvt. Ltd.,Core Java Developer and Lead(5 - 10 yrs),"Core, Java, Hibernate, Springboot, Web, Services,","5 - 10 yrs  Rs 10.00 - 20.00 Lacs p.a.   Bengaluru / Bangalore,  Chennai,  Hyderabad/Secunderabad,  Kolkata,  Noida/Greater Noida",https://www.timesjobs.com/job-detail/core-java-developer-and-lead-a-client-of-cp-careers-private-limited-bengaluru-bangalore-chennai-hyderabad-secunderabad-kolkata-noida-greater-noida-5-to-10-yrs-jobid-w1HdBMcAzRFzpSvf__PLUS__uAgZw==
CP Careers Pvt. Ltd.,FullStack Developer  ( Java+React ) (8 - 13 yrs),"JavaReactJS, Springboot, microservices,","8 - 13 yrs  Rs 15.00 - 30.00 Lacs p.a.   Bengaluru / Bangalore,  Chennai,  Hyderabad/Secunderabad,  Kolkata",https://www.timesjobs.com/job-detail/fullstack-developer-java-react-a-client-of-cp-careers-private-limited-bengaluru-bangalore-chennai-hyderabad-secunderabad-kolkata-8-to-13-yrs-jobid-t0opuxjQCipzpSvf__PLUS__uAgZw==
CP Careers Pvt. Ltd.,Core Java - Lead(3 - 6 yrs),"Cloud, Native, JavaSpring, boot, Microservices, Kafka, GCP, AWS, Azure,","3 - 6 yrs  Rs 10.00 - 20.00 Lacs p.a.   Bengaluru / Bangalore,  Gurgaon,  Kolkata,  Mumbai,  Pune",https://www.timesjobs.com/job-detail/core-java-lead-a-client-of-cp-careers-private-limited-bengaluru-bangalore-gurgaon-kolkata-mumbai-pune-3-to-6-yrs-jobid-730Tj0wMcvtzpSvf__PLUS__uAgZw==
Maxgen Technologies,Java Internship in Ahmedabad(0 - 1 yrs),".,","0 - 1 yrs  As per Industry Standards  10-Dec-2021 - 07-Feb-2022 | 10:00 AM - 04:00 PM |  303 Shopper's Plaza 4, Opp. BSNL Bhavan, CG Road, Ahmedabad, Gujarat CG Road, Ahmedabad, Gujarat",https://www.timesjobs.com/job-detail/java-internship-in-ahmedabad-maxgen-technologies-ahmedabad-mehsana-rajkot-jaipur-udaipur-0-to-1-yrs-jobid-SrZyf7ixFytzpSvf__PLUS__uAgZw==
Jalhar solution,Hiring for Java Developer(2 - 7 yrs),"agile, scrum, kanban, orm, framework, Eclipse, Framework, hibernates, eclipse, primefaces, jquery, Relational, DB, Spring, Glassfish, sql, oracle, jenkins, Bugzilla, j2ee,",2 - 7 yrs  Rs 3.05 - 10.05 Lacs p.a.   Ahmedabad,https://www.timesjobs.com/job-detail/hiring-for-java-developer-jalhar-solution-ahmedabad-2-to-7-yrs-jobid-wF__SLASH__wgZ__PLUS__KE4BzpSvf__PLUS__uAgZw==
C3 MANAGEMENT CONSULTANTS PRIVATE LIMITED,Full stack senior JAVA developer(2 - 7 yrs),"""Full, stack, senior, JAVA, developer"", ""Full, stack, JAVA, developer"", ""JAVA, developer"",",2 - 7 yrs  Rs 6.00 - 12.00 Lacs p.a.   Kolkata,https://www.timesjobs.com/job-detail/full-stack-senior-java-developer-mnc-it-software-kolkata-2-to-7-yrs-jobid-yjjv28CzO9tzpSvf__PLUS__uAgZw==
PEAR VISA,"Java Consultant , Java Applications Engineer , Req CANADA AUSTRALIA(3 - 8 yrs)","Core, Java, J2EE, c, ++, Core, Java, JavaDeveloper, Tester, Debugging, multimedia, OOP, MVC, JDBC, RESTful, Eclipse, ""Java, Frameworks"", BEAN,","3 - 8 yrs  Rs 69.40 - 83.35 Lacs p.a.   Australia,  Canada",https://www.timesjobs.com/job-detail/java-consultant-java-applications-engineer-req-canada-australia-pear-visa-australia-canada-3-to-8-yrs-jobid-HNNHoUVUUg9zpSvf__PLUS__uAgZw==
SAMPOORNA CONSULTANTS PVT LTD,Bigdata  & amp; Java FS - J44818(3 - 6 yrs),"bigdata, javaangular,",3 - 6 yrs  Rs 7.00 - 23.00 Lacs p.a.   Pune,https://www.timesjobs.com/job-detail/bigdata-java-fs-j44818-leading-firm-pune-3-to-6-yrs-jobid-ovpDhwaDy6RzpSvf__PLUS__uAgZw==
inner light training solutions,Urgent opportunity for java developer in mumbai /  nagpur(2 - 4 yrs),"Hibernate, Hazalcast, Kafka, Multi-threading, AJAX, JEE, Java8, Spring, Hibernate, PosgreSQL, +, PostGIS, Oracle, Cassandra,","2 - 4 yrs  Rs 5.00 - 11.00 Lacs p.a.   Mumbai,  Nagpur",https://www.timesjobs.com/job-detail/urgent-opportunity-for-java-developer-in-mumbai-nagpur-shreshtharokde-gmail-com-mumbai-nagpur-2-to-4-yrs-jobid-u15LzFR4qz9zpSvf__PLUS__uAgZw==
sanity 1,Java developer required 21-06-2021(1 - 6 yrs),"javaJsp, Jdbc, Servlets, J2ee, c, ++, C, Html,",1 - 6 yrs  Rs 2.20 - 9.40 Lacs p.a.   Doha,https://www.timesjobs.com/job-detail/java-developer-required-21-06-2021-sanity-1-doha-1-to-6-yrs-jobid-I4WEdqbcJC9zpSvf__PLUS__uAgZw==
HA'YA,Flutter Developer(1 - 2 yrs),"Mobile, Development, javascript, Jquery, Json, rest, Core, Java, Core, Java, flutter,",1 - 2 yrs  Rs 3.00 - 4.00 Lacs p.a.   Ahmedabad,https://www.timesjobs.com/job-detail/flutter-developer-ha-ya-ahmedabad-1-to-2-yrs-jobid-0scm8jDiqJhzpSvf__PLUS__uAgZw==
inner light training solutions,urgent opportunity for UI Development in mumbai /  nagpur(2 - 7 yrs),"javahtml, css, AJAX, JSON, XML, BootStrap, UI, Jquery, AJAX, Angular, 2, Bootstrap, React, SASS,","2 - 7 yrs  Rs 5.00 - 8.00 Lacs p.a.   Mumbai,  Nagpur",https://www.timesjobs.com/job-detail/urgent-opportunity-for-ui-development-in-mumbai-nagpur-shreshtharokde-gmail-com-mumbai-nagpur-2-to-7-yrs-jobid-KUfvpxHkV5RzpSvf__PLUS__uAgZw==
DAMS,Android Developer -  eMedicoz App.  ( Ed. Tech. ) (4 - 9 yrs),"Kotlin, RxJava, Retrofit, MVP, MVVM, Coroutine, JSON, Room, Database, JavaRest, API,",4 - 9 yrs  Rs 3.00 - 10.00 Lacs p.a.   Noida/Greater Noida,https://www.timesjobs.com/job-detail/android-developer-emedicoz-app-ed-tech-delhi-academy-of-medical-sciences-pvt-ltd-noida-greater-noida-4-to-9-yrs-jobid-yhHImVjpUdVzpSvf__PLUS__uAgZw==
VASTNESS TECHNOLOGY PRIVATE LIMITED,.net Developer(1 - 5 yrs),"c#, ASP, .net, c#, Postgre, SQL, Server, MySql, HTML, Java, Script, GitHub, JIRA, slack, IIS, Server, Setup,","1 - 5 yrs  Rs 1.80 - 5.00 Lacs p.a.  10-Dec-2021 - 01-Feb-2022 | 10:00 AM - 06:00 PM |  405, Aarohi Complex, Swastik Cross Rd, opp. Ganesh Plaza, Navrangpura, Ahmedabad, 380009",https://www.timesjobs.com/job-detail/net-developer-vastness-technology-private-limited-ahmedabad-1-to-5-yrs-jobid-cKNJyvDIv0xzpSvf__PLUS__uAgZw==
toi,Hiring for Android Developer(1 - 6 yrs),"""Android, Developer"", Android, Application, App, Sdk, Kotlin, JavaOracle, JQuery, c#, c, ++, J2EE, software, PHP, Laravel, Python, Django, RDBMS, SQL, IT, Cloud, Azure, Aws, Json,","1 - 6 yrs  Rs 4.00 - 25.00 Lacs p.a.   Bengaluru / Bangalore,  Delhi/NCR,  Gurgaon,  Mumbai,  Pune",https://www.timesjobs.com/job-detail/hiring-for-android-developer-toi-bengaluru-bangalore-delhi-ncr-gurgaon-mumbai-pune-1-to-6-yrs-jobid-ovDs4i__SLASH__7Nv1zpSvf__PLUS__uAgZw==
RAPIDSOURCE CONSULTING AND SERVICES PRIVATE LIMITED,Techno Functional Consultant â€“ FCR (  Flexcube  ) (3 - 7 yrs),"FCR, 11.x, Flexcube, UBS, Release, 11.x, Excellent, programming, skills, in, JavaSQL, PL, /, SQL, J2EE, Hibernate, and, REST, webservices.,",3 - 7 yrs  As per Industry Standards   Bengaluru / Bangalore,https://www.timesjobs.com/job-detail/techno-functional-consultant-fcr-flexcube-rapidsource-consulting-and-services-private-limited-bengaluru-bangalore-3-to-7-yrs-jobid-4jTE4BxC50tzpSvf__PLUS__uAgZw==
PEAR VISA,"PHP Web Developer , Php , Req@CANADA  &  AUSTRALIA(3 - 8 yrs)","PHP, Scripting, DHTML, HTML, ASP, PHP, MySQL, JavaScript, HTML5, CSS3, SQL, NoSQL, Git, PHP, Developing, PHP, Developing, ASP, MySQL, Linux, Perl, c, ++, Java""PHP, Developer"", Shell,","3 - 8 yrs  Rs 66.15 - 76.05 Lacs p.a.   Australia,  Canada",https://www.timesjobs.com/job-detail/php-web-developer-php-req-canada-australia-pear-visa-australia-canada-3-to-8-yrs-jobid-ZLGi0wa__PLUS__w75zpSvf__PLUS__uAgZw==
Nexcuit Web Solution,Development Internhip Online Offline IN LUCKNOW(0 - 1 yrs),"software, developer, software, programmer, w, web, designer, php, developer, p, html, Javascript, Ajax, Mysql, Jquery, Wordpress, Codeigniter, web, developer, Java, Script, Css,","0 - 1 yrs  As per Industry Standards   Delhi,  Delhi/NCR,  Gurgaon,  Noida/Greater Noida,  Chandigarh",https://www.timesjobs.com/job-detail/development-internhip-online-offline-in-lucknow-nexcuit-web-solution-delhi-delhi-ncr-gurgaon-noida-greater-noida-chandigarh-0-to-1-yrs-jobid-lT__SLASH__C7CzMPS1zpSvf__PLUS__uAgZw==
VISAWIDE IMMIGRATION PRIVATE LIMITED,IT Project Managers For Canada(5 - 10 yrs),"project, management, developer, IT, Operations, reporting, javaService, Desk, IT, Outsourcing, network, engineer, software, developer, software, engineer, project, manager,","5 - 10 yrs  Rs 38.00 - 82.00 Lacs p.a.   Australia,  Canada,  New Zealand,  Singapore",https://www.timesjobs.com/job-detail/it-project-managers-for-canada-visawide-immigration-pvt-ltd-australia-canada-new-zealand-singapore-5-to-10-yrs-jobid-JdzlDj9frwZzpSvf__PLUS__uAgZw==
PLANET E-COM SOLUTIONS PRIVATE LIMITED,Dot net developer(4 - 7 yrs),"MVC, Jquery, Javascript, Dot, net,",4 - 7 yrs  Rs 4.10 - 5.10 Lacs p.a.   Gurgaon,https://www.timesjobs.com/job-detail/dot-net-developer-planet-e-com-solutions-private-limited-gurgaon-4-to-7-yrs-jobid-9rZ1DESA4ChzpSvf__PLUS__uAgZw==
AppSoft Solutions,"SAP ,  SAP Manager ,  SAP Consultant ,  SAP Abap ,  SAP Basis(0 - 3 yrs)","SAP, SAP, Manager, SAP, Consultant, SAP, Abap, SAP, Basis, SAP, CRM, Sap, Crm, Sales, Sap, Crm, Marketing, Erp, Sap, Abap,","0 - 3 yrs  Rs 3.50 - 6.50 Lacs p.a.   Hyderabad/Secunderabad,  Kolkata,  Mumbai,  Noida/Greater Noida,  Pune",https://www.timesjobs.com/job-detail/sap-sap-manager-sap-consultant-sap-abap-sap-basis-appsoft-solutions-hyderabad-secunderabad-kolkata-mumbai-noida-greater-noida-pune-0-to-3-yrs-jobid-bQcbim6lmRVzpSvf__PLUS__uAgZw==
C DOCTOR INDIA PRIVATE LIMITED,Software Developer  ( .net Developer ) (2 - 4 yrs),"c#, VB.net, SQL, Programming, Crystal, Report,",2 - 4 yrs  Rs 3.00 - 5.00 Lacs p.a.   Ahmedabad,https://www.timesjobs.com/job-detail/software-developer-net-developer-c-doctor-india-private-limited-ahmedabad-2-to-4-yrs-jobid-GJL84R9ApwJzpSvf__PLUS__uAgZw==
AppSoft Solutions,"SAP ,  SAP Manager ,  SAP Consultant ,  SAP Abap ,  SAP Basis(0 - 3 yrs)","SAP, SAP, Manager, SAP, Consultant, SAP, Abap, SAP, Basis, SAP, CRM, Sap, Crm, Sales, Sap, Crm, Marketing, Erp, Sap, Abap,","0 - 3 yrs  Rs 3.50 - 6.50 Lacs p.a.   Ahmedabad,  Bengaluru / Bangalore,  Chennai,  Delhi,  Delhi/NCR",https://www.timesjobs.com/job-detail/sap-sap-manager-sap-consultant-sap-abap-sap-basis-appsoft-solutions-ahmedabad-bengaluru-bangalore-chennai-delhi-delhi-ncr-0-to-3-yrs-jobid-MKYIoRjBF7lzpSvf__PLUS__uAgZw==
SAMPOORNA CONSULTANTS PVT LTD,Application Engineer - Workday - J44814(2 - 6 yrs),"Workday, Technical,",2 - 6 yrs  Rs 6.00 - 18.00 Lacs p.a.   Hyderabad/Secunderabad,https://www.timesjobs.com/job-detail/application-engineer-workday-j44814-leading-firm-hyderabad-secunderabad-2-to-6-yrs-jobid-HUfRRYoTR5JzpSvf__PLUS__uAgZw==
Maxgen Technologies,College Project Internship in Pune(0 - 1 yrs),".,","0 - 1 yrs  As per Industry Standards  10-Dec-2021 - 07-Feb-2022 | 10:00 AM - 04:00 PM |  404 ,4th Floor  Pride Icon Near Tithe Nagar Kharadi Pune",https://www.timesjobs.com/job-detail/college-project-internship-in-pune-maxgen-technologies-pune-amravati-aurangabad-sangli-satara-0-to-1-yrs-jobid-DHrs5UGsid9zpSvf__PLUS__uAgZw==
Sapphire Software Solutions,Flutter Developer(1 - 4 yrs),"flutter, dart,",1 - 4 yrs  As per Industry Standards   Ahmedabad,https://www.timesjobs.com/job-detail/flutter-developer-sapphire-software-solutions-ahmedabad-1-to-4-yrs-jobid-RlvyuDPt3CpzpSvf__PLUS__uAgZw==
Nexcuit Web Solution,PHP  ONLINE INTERNHSIP IN DEHRADUN(0 - 1 yrs),"PHP, Mysql, Javascript, Jquery,","0 - 1 yrs  As per Industry Standards   Delhi,  Dehradun,  Haldwani,  Nainital,  Roorkee",https://www.timesjobs.com/job-detail/php-online-internhsip-in-dehradun-nexcuit-web-solution-delhi-dehradun-haldwani-nainital-roorkee-0-to-1-yrs-jobid-__SLASH__9e3wjQOfIhzpSvf__PLUS__uAgZw==
Nexcuit Web Solution,BACKEND  INTERNSHIP AT AIDM(0 - 1 yrs),"HTML, css, Javascript, Jquery, Css3, Bootstrap, Responsive, Design, php, developer, software, developer,","0 - 1 yrs  As per Industry Standards   Delhi,  Agra,  Gorakhpur,  Kanpur,  Lucknow",https://www.timesjobs.com/job-detail/backend-internship-at-aidm-nexcuit-web-solution-delhi-agra-gorakhpur-kanpur-lucknow-0-to-1-yrs-jobid-hGP__PLUS__AYernntzpSvf__PLUS__uAgZw==
Nexcuit Web Solution,DEVELOPMENT  ONLINE  INTERNSHIP  KANPUR(0 - 1 yrs),"Codeigniter, Wordpress, PHP, MySQL, Css, Jquery, Html5, Css3, Bootstrap, Responsive, Design, PHP, DEVELOPER, web, developer, software, developer, software, programmer,","0 - 1 yrs  As per Industry Standards   Delhi,  Gurgaon,  Noida/Greater Noida,  Indore,  Ujjain",https://www.timesjobs.com/job-detail/development-online-internship-kanpur-nexcuit-web-solution-delhi-gurgaon-noida-greater-noida-indore-ujjain-0-to-1-yrs-jobid-oSnGo2xJ__SLASH__oFzpSvf__PLUS__uAgZw==
Nexcuit Web Solution,FRONT END  INTERNSHIP  IN  DELHI(0 - 1 yrs),"html5, Css3, Bootstrap, Jquery, Ajax, Javascript, Mysql, web, designing, software, engineer, software, developer,","0 - 1 yrs  As per Industry Standards   Delhi,  Chandigarh,  Patna,  Bhopal,  Indore",https://www.timesjobs.com/job-detail/front-end-internship-in-delhi-nexcuit-web-solution-delhi-chandigarh-patna-bhopal-indore-0-to-1-yrs-jobid-XwmO0y5k5YdzpSvf__PLUS__uAgZw==
Nexcuit Web Solution,FRONT END DEVELOPER INETERNSHIP IN BHOPAL(0 - 1 yrs),"HTML, Javascript, Css, Ajax, Php, Jquery, Bootstrap, Responsive, Design, WEB, DEVELOPER,","0 - 1 yrs  As per Industry Standards   Chennai,  Delhi,  Bhopal,  Gwalior,  Indore",https://www.timesjobs.com/job-detail/front-end-developer-ineternship-in-bhopal-nexcuit-web-solution-chennai-delhi-bhopal-gwalior-indore-0-to-1-yrs-jobid-tGah4hlNca9zpSvf__PLUS__uAgZw==
Nexcuit Web Solution,INTERNSHIP IN DEHRADUN(0 - 1 yrs),"php, developer, web, developer, web, designer, senior, web, designer, html, Css, Javascript, Ajax, Mysql, Jquery, Css3, Html5, Responsive, Design, Bootstrap,","0 - 1 yrs  As per Industry Standards   Bengaluru / Bangalore,  Delhi/NCR,  Gurgaon,  Noida/Greater Noida,  Pune",https://www.timesjobs.com/job-detail/internship-in-dehradun-nexcuit-web-solution-bengaluru-bangalore-delhi-ncr-gurgaon-noida-greater-noida-pune-0-to-1-yrs-jobid-89PoVtG8__PLUS__XFzpSvf__PLUS__uAgZw==
Nexcuit Web Solution,internhip of web designing and development(0 - 1 yrs),"php, developer, web, developer, web, designer, software, developer, software, engineer, htm, Css, Javascript, Ajax, Mysql, Jquery, Html5, Bootstrap, Responsive, php, web, developer,","0 - 1 yrs  As per Industry Standards   Bengaluru / Bangalore,  Chennai,  Delhi,  Chandigarh,  Kakinada",https://www.timesjobs.com/job-detail/internhip-of-web-designing-and-development-nexcuit-web-solution-bengaluru-bangalore-chennai-delhi-chandigarh-kakinada-0-to-1-yrs-jobid-__PLUS__lvJ7oAUNw5zpSvf__PLUS__uAgZw==
HR Jobs Placements,Software Developer(2 - 7 yrs),"c, c, ++, python, VB, J2EE, jave, dot, net, php,","2 - 7 yrs  Best in Industry   Bengaluru / Bangalore,  Chennai,  Delhi/NCR,  Hyderabad/Secunderabad,  Mumbai",https://www.timesjobs.com/job-detail/software-developer-hr-jobs-placements-bengaluru-bangalore-chennai-delhi-ncr-hyderabad-secunderabad-mumbai-2-to-7-yrs-jobid-OLehCr1jdUxzpSvf__PLUS__uAgZw==
AIDM Asian Institute Of Digital Marketing,ONLINE WEB DESIGNING INTERNSHIP(0 - 1 yrs),"HTML, Javascript, Css, Jquery, Html5, Bootstrap, Css3, Wordpress,","0 - 1 yrs  Rs 1.20 - 1.40 Lacs p.a.   Delhi/NCR,  Gurgaon,  Hyderabad/Secunderabad,  Kolkata,  Pune",https://www.timesjobs.com/job-detail/online-web-designing-internship-aidm-asian-institute-of-digital-marketing-delhi-ncr-gurgaon-hyderabad-secunderabad-kolkata-pune-0-to-1-yrs-jobid-aH3CL2aCjktzpSvf__PLUS__uAgZw==
Laxmi Infotech,"IT Developer , web developer(2 - 7 yrs)","Sql, c, ++, JavaHtml, Javascript, Mysql, Photoshop, Adobe, Photoshop, Macromedia, Flash, Sound, Forge, C, Php, Java, Script, Ajax,","2 - 7 yrs  Rs 3.00 - 8.00 Lacs p.a.   Ahmedabad,  Delhi/NCR,  Gurgaon,  Kolkata,  Noida/Greater Noida",https://www.timesjobs.com/job-detail/it-developer-web-developer-laxmi-infotech-ahmedabad-delhi-ncr-gurgaon-kolkata-noida-greater-noida-2-to-7-yrs-jobid-2Fu182em__SLASH__6lzpSvf__PLUS__uAgZw==
BALASUNDARAM SANTOSH,Trainee Software Engineer(0 - 1 yrs),"JAVA.net, Computer, Programming,","0 - 1 yrs  Rs 1.25 - 2.50 Lacs p.a.   Ahmedabad,  Bengaluru / Bangalore,  Chennai,  Delhi",https://www.timesjobs.com/job-detail/trainee-software-engineer-balasundaram-santosh-ahmedabad-bengaluru-bangalore-chennai-delhi-0-to-1-yrs-jobid-EmvIRgYr2ZZzpSvf__PLUS__uAgZw==
BALASUNDARAM SANTOSH,Software Developer(0 - 3 yrs),"c, ++, javaDot, Net,","0 - 3 yrs  Rs 1.00 - 3.60 Lacs p.a.   Bengaluru / Bangalore,  Chennai,  Delhi/NCR,  Mumbai",https://www.timesjobs.com/job-detail/software-developer-balasundaram-santosh-bengaluru-bangalore-chennai-delhi-ncr-mumbai-0-to-3-yrs-jobid-3aaegNV7qjRzpSvf__PLUS__uAgZw==
Laxmi Infotech,c ++ / Php / Ajax Developer(0 - 3 yrs),"C, JavaOracle, Html, Css, Ajax, Javascript, Mysql, Php, Wordpress, Joomla, Drupal,","0 - 3 yrs  Rs 3.00 - 8.00 Lacs p.a.   Bengaluru / Bangalore,  Chennai,  Hyderabad/Secunderabad,  Mumbai,  Pune",https://www.timesjobs.com/job-detail/c-php-ajax-developer-laxmi-infotech-bengaluru-bangalore-chennai-hyderabad-secunderabad-mumbai-pune-0-to-3-yrs-jobid-TrCKAr1I1qJzpSvf__PLUS__uAgZw==
BALASUNDARAM SANTOSH,Software Programmer  /  Developer(0 - 1 yrs),"Javac, ++, Dot, Net,","0 - 1 yrs  Rs 1.00 - 3.50 Lacs p.a.   Bengaluru / Bangalore,  Chennai,  Delhi,  Delhi/NCR,  Mumbai",https://www.timesjobs.com/job-detail/software-programmer-developer-balasundaram-santosh-bengaluru-bangalore-chennai-delhi-delhi-ncr-mumbai-0-to-1-yrs-jobid-2dsEB4EA8ytzpSvf__PLUS__uAgZw==
Aryan technologies,"Fresher Java ,  Android ,  IOS Developer in pune(0 - 3 yrs)","Android, Sdk, Android, javaios, core, java, Advanced, Java, J2EE,","0 - 3 yrs  Rs 3.75 - 6.75 Lacs p.a.   Ahmedabad,  Chennai,  Delhi/NCR,  Gurgaon,  Noida/Greater Noida",https://www.timesjobs.com/job-detail/fresher-java-android-ios-developer-in-pune-aryantech-india-pvt-ltd-ahmedabad-chennai-delhi-ncr-gurgaon-noida-greater-noida-0-to-3-yrs-jobid-1w7YzjuZF35zpSvf__PLUS__uAgZw==
AppSoft Solutions,"Software Engineer , Software Developer(0 - 3 yrs)","programmer, software, engineer, JavaJ2ee, Jsp, Servlet,","0 - 3 yrs  Rs 2.40 - 5.50 Lacs p.a.   Bengaluru / Bangalore,  Chennai,  Hyderabad/Secunderabad,  Mumbai,  Pune",https://www.timesjobs.com/job-detail/software-engineer-software-developer-appsoft-solutions-bengaluru-bangalore-chennai-hyderabad-secunderabad-mumbai-pune-0-to-3-yrs-jobid-__SLASH__W1J99B5ShxzpSvf__PLUS__uAgZw==
Best Infosystems Ltd.,Java Springboot / JAVA Microservices(3 - 8 yrs),"Java""Spring, Boot"", Microservices, GitHub, JUnit, Program, Server, Troubleshoot, Test, Agile, API, Code, REACT, UI, GIT, Agile, insurance, stack, Microservice,","3 - 8 yrs  Best in Industry   Bengaluru / Bangalore,  Chennai,  Hyderabad/Secunderabad,  Kolkata,  Pune",https://www.timesjobs.com/job-detail/java-springboot-java-microservices-best-infosystems-ltd-bengaluru-bangalore-chennai-hyderabad-secunderabad-kolkata-pune-3-to-8-yrs-jobid-w__SLASH__YCZdNsillzpSvf__PLUS__uAgZw==
TIGI HR SOLUTION PVT. LTD.,Java Developer(1 - 5 yrs),"java""rest, api"", springboot,","1 - 5 yrs  Rs 6.00 - 8.00 Lacs p.a.   Bengaluru / Bangalore,  Chennai,  Mumbai,  Nagpur",https://www.timesjobs.com/job-detail/java-developer-tigi-hr-solution-pvt-ltd-bengaluru-bangalore-chennai-mumbai-nagpur-1-to-5-yrs-jobid-Sgag__SLASH__ShmZnFzpSvf__PLUS__uAgZw==
Green Apple Solutions,Java Developer(3 - 7 yrs),"""MULTI, THREADING"", COLLECTIONS, JAVA, J2EE,",3 - 7 yrs  As per Industry Standards   Pune,https://www.timesjobs.com/job-detail/java-developer-green-apple-solutions-pune-3-to-7-yrs-jobid-__PLUS__4RwL6HFHo9zpSvf__PLUS__uAgZw==
